2513,whole milk
1903,other vegetables
1809,rolls/buns
1715,soda
1372,yogurt
1087,bottled water
1072,root vegetables
1032,tropical fruit
969,shopping bags
924,sausage
875,pastry
814,citrus fruit
792,bottled beer
785,newspapers
764,canned beer
744,pip fruit
711,fruit/vegetable juice
705,whipped/sour cream
638,brown bread
624,domestic eggs
580,frankfurter
576,margarine
571,coffee
567,pork
545,butter
524,curd
516,beef
515,napkins
488,chocolate
473,frozen vegetables
422,chicken
414,white bread
390,cream cheese
378,waffles
372,salty snack
368,long life bakery product
365,dessert
333,sugar
329,UHT-milk
327,hamburger meat
327,berries
324,hygiene articles
305,onions
299,specialty chocolate
294,candy
279,misc. beverages
279,frozen meals
276,oil
275,butter milk
269,specialty bar
256,beverages
256,ham
254,meat
246,ice cream
241,hard cheese
241,sliced cheese
229,cat food
220,grapes
207,chewing gum
189,detergent
189,red/blush wine
187,white wine
176,pickled vegetables
174,semi-finished bread
174,baking powder
173,dishes
171,flour
170,pot plants
168,soft cheese
163,processed cheese
160,herbs
148,canned fish
148,pasta
140,seasonal products
130,cake bar
128,packaged fruit/vegetables
118,mustard
115,frozen fish
112,cling film/bags
110,spread cheese
109,liquor
106,frozen dessert
106,salt
106,canned vegetables
103,dish cleaner
102,flower (seeds)
101,condensed milk
101,roll products
